COOPID,WBNID,CD,ELEM,UN,YEAR,A,S,MO,DA,  JAN ,F,F,MO,DA,  FEB ,F,F,MO,DA,  MAR ,F,F,MO,DA,  APR ,F,F,MO,DA,  MAY ,F,F,MO,DA,  JUN ,F,F,MO,DA,  JUL ,F,F,MO,DA,  AUG ,F,F,MO,DA,  SEP ,F,F,MO,DA,  OCT ,F,F,MO,DA,  NOV ,F,F,MO,DA,  DEC ,F,F,MO,DA,ANNUAL,F,F
040693,99999,10,TPCP,HI,1919,9,9,01,00, 00209, , ,02,00, 01085, , ,03,00, 00270, , ,04,00, 00013, , ,05,00, 00002, , ,06,00, 00000,T, ,07,00, 00000,T, ,08,00, 00000,T, ,09,00, 00090, , ,10,00, 00034, , ,11,00, 00044, , ,12,00, 00342, , ,13,99,-99999,M, 
040693,99999,10,TPCP,HI,1920,9,9,01,00, 00083, , ,02,00, 00112, , ,03,00, 00389, , ,04,00, 00162, , ,05,00, 00000, , ,06,00, 00025, , ,07,00, 00000, , ,08,00, 00000, , ,09,00, 00028, , ,10,00, 00184, , ,11,00, 00357, , ,12,00, 00697, , ,13,99,-99999,M, 
040693,99999,10,TPCP,HI,1921,9,9,01,00, 00731, , ,02,00, 00154, , ,03,00, 00171, , ,04,00, 00091, , ,05,00, 00072, , ,06,00, 00000, , ,07,00, 00000, , ,08,00, 00000, , ,09,00, 00017, , ,10,00, 00072, , ,11,00, 00166, , ,12,00, 00848, , ,13,99,-99999,M, 
040693,99999,10,TPCP,HI,1922,9,9,01,00, 00374, , ,02,00, 00631, , ,03,00, 00259, , ,04,00, 00067, , ,05,00, 00088, , ,06,00, 00024, , ,07,00, 00000,T, ,08,00, 00000,T, ,09,00, 00000, , ,10,00, 00290, , ,11,00, 00428, , ,12,00, 00849, , ,13,99,-99999,M, 
040693,99999,10,TPCP,HI,1923,9,9,01,00, 00342, , ,02,00, 00094, , ,03,00, 00003, , ,04,00, 00340, , ,05,00, 00003, , ,06,00, 00030, , ,07,00, 00000, , ,08,00, 00003, , ,09,00, 00039, , ,10,00, 00074, , ,11,00, 00059, , ,12,00, 00204, , ,13,99,-99999,M, 
040693,99999,10,TPCP,HI,1924,9,9,01,00, 00253, , ,02,00, 00319, , ,03,00, 00187, , ,04,00, 00019, , ,05,00, 00000, , ,06,00, 00000,T, ,07,00, 00000, , ,08,00, 00001, , ,09,00, 00000, , ,10,00, 00268, , ,11,00, 00152, , ,12,00, 00463, , ,13,99,-99999,M, 
040693,99999,10,TPCP,HI,1925,9,9,01,00, 00118, , ,02,00, 01041, , ,03,00, 00266, , ,04,00, 00238, , ,05,00, 00318, , ,06,00, 00002, , ,07,00, 00011, , ,08,00, 00000, , ,09,00, 00046, , ,10,00, 00016, , ,11,00, 00169, , ,12,00, 00130, , ,13,99,-99999,M, 
040693,99999,10,TPCP,HI,1926,9,9,01,00, 00495, , ,02,00, 00388, , ,03,00, 00005, , ,04,00, 00438, , ,05,00, 00019, , ,06,00, 00000, , ,07,00, 00000, , ,08,00, 00004, , ,09,00, 00000,T, ,10,00, 00233, , ,11,00, 00734, , ,12,00, 00080, , ,13,99,-99999,M, 
040693,99999,10,TPCP,HI,1927,9,9,01,00, 00301, , ,02,00, 00655, , ,03,00, 00259, , ,04,00, 00219, , ,05,00, 00013, , ,06,00, 00035, , ,07,00, 00000,T, ,08,00, 00000,T, ,09,00, 00001, , ,10,00, 00172, , ,11,00, 00272, , ,12,00, 00261, , ,13,99,-99999,M, 
040693,99999,10,TPCP,HI,1928,9,9,01,00, 00178, , ,02,00, 00157, , ,03,00, 00440, , ,04,00, 00131, , ,05,00, 00036, , ,06,00, 00000, , ,07,00, 00000, , ,08,00, 00000, , ,09,00, 00025, , ,10,00, 00009, , ,11,00, 00257, , ,12,00, 00382, , ,13,99,-99999,M, 
040693,99999,10,TPCP,HI,1929,9,9,01,00, 00090, , ,02,00, 00145, , ,03,00, 00175, , ,04,00, 00126, , ,05,00, 00003, , ,06,00, 00119, , ,07,00, 00000, , ,08,00, 00000, , ,09,00, 00000,T, ,10,00, 00008, , ,11,00, 00000, , ,12,00, 00322, , ,13,99,-99999,M, 
040693,99999,10,TPCP,HI,1930,9,9,01,00, 00419, , ,02,00, 00237, , ,03,00, 00284, , ,04,00, 00150, , ,05,00, 00026, , ,06,00, 00000, , ,07,00, 00000, , ,08,00, 00000, , ,09,00, 00014, , ,10,99,-99999,M, ,11,00, 00106, , ,12,00, 00065, , ,13,99,-99999,M, 
040693,99999,04,TPCP,HI,1931,9,9,01,00, 00426, , ,02,00, 00117, , ,03,00, 00161, , ,04,00, 00045, , ,05,00, 00150, , ,06,00, 00086, , ,07,00, 00000,T, ,08,00, 00000, , ,09,00, 00001, , ,10,00, 00070, , ,11,00, 00317, , ,12,00, 00768, , ,13,99,-99999,M, 
040693,99999,04,TPCP,HI,1932,9,9,01,00, 00201, , ,02,00, 00270, , ,03,00, 00110, , ,04,00, 00093, , ,05,00, 00049, , ,06,00, 00003, , ,07,00, 00000,T, ,08,00, 00000, , ,09,00, 00000, , ,10,00, 00000,T, ,11,00, 00060, , ,12,00, 00245, , ,13,99,-99999,M, 
040693,99999,04,TPCP,HI,1933,9,9,01,00, 00669, , ,02,00, 00102, , ,03,00, 00306, , ,04,00, 00000,T, ,05,00, 00175, , ,06,00, 00000,T, ,07,00, 00000, , ,08,00, 00000, , ,09,00, 00020, , ,10,00, 00306, , ,11,00, 00000, , ,12,00, 00489, , ,13,99,-99999,M, 
040693,99999,04,TPCP,HI,1934,9,9,01,00, 00165, , ,02,00, 00457, , ,03,00, 00010, , ,04,00, 00064, , ,05,00, 00056, , ,06,00, 00045, , ,07,00, 00000, , ,08,00, 00000,T, ,09,00, 00000,T, ,10,00, 00123, , ,11,00, 00334, , ,12,00, 00378, , ,13,99,-99999,M, 
040693,99999,04,TPCP,HI,1935,9,9,01,00, 00624, , ,02,00, 00269, , ,03,00, 00287, , ,04,00, 00503, , ,05,00, 00006, , ,06,00, 00000, , ,07,00, 00000,T, ,08,00, 00026, , ,09,00, 00007, , ,10,00, 00112, , ,11,00, 00097, , ,12,00, 00242, , ,13,99,-99999,M, 
040693,99999,04,TPCP,HI,1936,9,9,01,00, 00649, , ,02,00, 00894, , ,03,00, 00129, , ,04,00, 00157, , ,05,00, 00106, , ,06,00, 00045, , ,07,00, 00008, , ,08,00, 00000,T, ,09,00, 00000, , ,10,00, 00057, , ,11,00, 00000,T, ,12,00, 00333, , ,13,99,-99999,M, 
040693,99999,04,TPCP,HI,1937,9,9,01,00, 00556, , ,02,00, 00600, , ,03,00, 00847, , ,04,00, 00093, , ,05,00, 00013, , ,06,00, 00065, , ,07,00, 00000, , ,08,00, 00000, , ,09,00, 00000,T, ,10,00, 00116, , ,11,00, 00342, , ,12,00, 00499, , ,13,99,-99999,M, 
040693,99999,04,TPCP,HI,1938,9,9,01,00, 00371, , ,02,00, 00912, , ,03,00, 00633, , ,04,00, 00224, , ,05,00, 00001, , ,06,00, 00000, , ,07,00, 00002, , ,08,00, 00000, , ,09,00, 00009, , ,10,00, 00164, , ,11,00, 00158, , ,12,00, 00155, , ,13,99,-99999,M, 
040693,99999,04,TPCP,HI,1939,9,9,01,00, 00267, , ,02,00, 00140, , ,03,00, 00336, , ,04,00, 00030, , ,05,00, 00072, , ,06,00, 00001, , ,07,00, 00000, , ,08,00, 00000, , ,09,00, 00074, , ,10,00, 00067, , ,11,00, 00031, , ,12,00, 00089, , ,13,99,-99999,M, 
040693,99999,04,TPCP,HI,1940,9,9,01,00, 01048, , ,02,00, 01002, , ,03,00, 00608, , ,04,00, 00056, , ,05,00, 00086, , ,06,00, 00002, , ,07,00, 00000, , ,08,00, 00000, , ,09,00, 00027, , ,10,00, 00097, , ,11,00, 00189, , ,12,00, 00598, , ,13,99,-99999,M, 
040693,99999,04,TPCP,HI,1941,9,9,01,00, 00757, , ,02,00, 00690, , ,03,00, 00472, , ,04,00, 00466, , ,05,00, 00160, , ,06,00, 00004, , ,07,00, 00010, , ,08,00, 00003, , ,09,00, 00001, , ,10,00, 00086, , ,11,00, 00246, , ,12,00, 00753, , ,13,99,-99999,M, 
040693,99999,04,TPCP,HI,1942,9,9,01,00, 00518, , ,02,00, 00450, , ,03,00, 00280, , ,04,00, 00425, , ,05,00, 00183, , ,06,00, 00000, , ,07,00, 00002, , ,08,00, 00001, , ,09,00, 00025, , ,10,00, 00121, , ,11,00, 00404, , ,12,00, 00267, , ,13,99,-99999,M, 
040693,99999,04,TPCP,HI,1943,9,9,01,00, 00748, , ,02,00, 00160, , ,03,00, 00312, , ,04,00, 00203, , ,05,00, 00005, , ,06,00, 00003, , ,07,00, 00000,T, ,08,00, 00000, , ,09,00, 00001, , ,10,00, 00074, , ,11,00, 00087, , ,12,00, 00240, , ,13,99,-99999,M, 
040693,99999,04,TPCP,HI,1944,9,9,01,00, 00336, , ,02,00, 00631, , ,03,00, 00104, , ,04,00, 00240, , ,05,00, 00112, , ,06,00, 00029, , ,07,00, 00000,T, ,08,00, 00001, , ,09,00, 00000, , ,10,00, 00196, , ,11,00, 00607, , ,12,00, 00342, , ,13,99,-99999,M, 
040693,99999,04,TPCP,HI,1945,9,9,01,00, 00102, , ,02,00, 00460, , ,03,99,-99999,M, ,04,00, 00040, , ,05,99,-99999,M, ,06,00, 00000,T, ,07,00, 00003, , ,08,00, 00000, , ,09,00, 00001, , ,10,00, 00204, , ,11,00, 00298, , ,12,00, 00780, , ,13,99,-99999,M, 
040693,99999,04,TPCP,HI,1946,9,9,01,00, 00154, , ,02,99,-99999,M, ,03,00, 00198, , ,04,00, 00022, , ,05,00, 00067, , ,06,00, 00000, , ,07,00, 00003, , ,08,00, 00001, , ,09,00, 00006, , ,10,99,-99999,M, ,11,00, 00344, , ,12,00, 00288, , ,13,99,-99999,M, 
040693,99999,04,TPCP,HI,1947,9,9,01,00, 00068, , ,02,00, 00212, , ,03,00, 00353, , ,04,00, 00027, , ,05,00, 00077, , ,06,00, 00099, , ,07,00, 00000, , ,08,00, 00000, , ,09,00, 00000, , ,10,00, 00454, , ,11,00, 00115, , ,12,00, 00095, , ,13,99,-99999,M, 
040693,99999,04,TPCP,HI,1948,9,9,01,00, 00177, , ,02,00, 00166, , ,03,00, 00489, , ,04,00, 00291, , ,05,00, 00082, , ,06,00, 00003, , ,07,00, 00000, , ,08,00, 00001, , ,09,00, 00002, , ,10,00, 00042, , ,11,00, 00126, , ,12,00, 00492, , ,13,99,-99999,M, 
040693,99999,04,TPCP,HI,1949,9,9,01,00, 00150, , ,02,00, 00310, , ,03,00, 00492, , ,04,00, 00005, , ,05,00, 00061, , ,06,00, 00000, , ,07,00, 00011, , ,08,00, 00006, , ,09,00, 00002, , ,10,00, 00021, , ,11,00, 00169, , ,12,00, 00264, , ,13,99,-99999,M, 
040693,99999,10,TPCP,HI,1950,9,9,01,00, 00873, , ,02,00, 00293, , ,03,00, 00300, , ,04,00, 00101, , ,05,00, 00050, , ,06,00, 00002, , ,07,00, 00001, , ,08,00, 00000, , ,09,00, 00000, , ,10,00, 00328, , ,11,00, 00742, , ,12,00, 00667, , ,13,99,-99999,M, 
040693,99999,04,TPCP,HI,1951,9,9,01,00, 00503, , ,02,00, 00258, , ,03,00, 00153, , ,04,00, 00124, , ,05,00, 00094, , ,06,00, 00002, , ,07,00, 00000, , ,08,00, 00048, , ,09,00, 00006, , ,10,00, 00170, , ,11,00, 00482, , ,12,00, 00958, , ,13,99,-99999,M, 
040693,99999,04,TPCP,HI,1952,9,9,01,00, 00892, , ,02,00, 00247, , ,03,00, 00481, , ,04,00, 00127, , ,05,00, 00025, , ,06,00, 00074, , ,07,00, 00000, , ,08,00, 00000, , ,09,00, 00000,T, ,10,00, 00007, , ,11,00, 00234, , ,12,00, 00928, , ,13,99,-99999,M, 
040693,99999,04,TPCP,HI,1953,9,9,01,00, 00470, , ,02,00, 00000,T, ,03,00, 00280, , ,04,00, 00291, , ,05,00, 00053, , ,06,00, 00034, , ,07,00, 00000, , ,08,00, 00008, , ,09,00, 00000, , ,10,00, 00049, , ,11,00, 00216, , ,12,00, 00071, , ,13,99,-99999,M, 
040693,99999,04,TPCP,HI,1954,9,9,01,00, 00360, , ,02,00, 00292, , ,03,00, 00420, , ,04,00, 00118, , ,05,00, 00013, , ,06,00, 00025, , ,07,00, 00000, , ,08,00, 00027, , ,09,00, 00000, , ,10,00, 00014, , ,11,00, 00298, , ,12,00, 00607, , ,13,99,-99999,M, 
040693,99999,04,TPCP,HI,1955,9,9,01,00, 00546, , ,02,00, 00124, , ,03,00, 00043, , ,04,00, 00184, , ,05,00, 00020, , ,06,00, 00000, , ,07,00, 00000, , ,08,00, 00000, , ,09,00, 00003, , ,10,00, 00005, , ,11,00, 00223, , ,12,00, 01504, , ,13,99,-99999,M, 
040693,99999,04,TPCP,HI,1956,9,9,01,00, 00723, , ,02,00, 00354, , ,03,00, 00003, , ,04,00, 00190, , ,05,00, 00106, , ,06,00, 00000, , ,07,00, 00000, , ,08,00, 00000, , ,09,00, 00025, , ,10,00, 00248, , ,11,00, 00005, , ,12,00, 00026, , ,13,99,-99999,M, 
040693,99999,04,TPCP,HI,1957,9,9,01,00, 00281, , ,02,00, 00406, , ,03,00, 00334, , ,04,00, 00165, , ,05,00, 00356, , ,06,00, 00006, , ,07,00, 00000, , ,08,00, 00000, , ,09,00, 00164, , ,10,00, 00294, , ,11,00, 00052, , ,12,00, 00378, , ,13,99,-99999,M, 
040693,99999,04,TPCP,HI,1958,9,9,01,00, 00548, , ,02,00, 00914, , ,03,00, 00706, , ,04,00, 00606, , ,05,00, 00029, , ,06,00, 00024, , ,07,00, 00000, , ,08,00, 00004, , ,09,00, 00010, , ,10,00, 00031, , ,11,00, 00016, , ,12,00, 00142, , ,13,99,-99999,M, 
040693,99999,04,TPCP,HI,1959,9,9,01,00, 00469, , ,02,00, 00463, , ,03,00, 00058, , ,04,00, 00036, , ,05,00, 00003, , ,06,00, 00000, , ,07,00, 00000, , ,08,00, 00000,T, ,09,00, 00262, , ,10,00, 00004, , ,11,00, 00000, , ,12,00, 00154, , ,13,99,-99999,M, 
040693,99999,04,TPCP,HI,1960,9,9,01,00, 00396, , ,02,00, 00356, , ,03,00, 00244, , ,04,00, 00105, , ,05,00, 00100, , ,06,00, 00000, , ,07,00, 00000,T, ,08,00, 00000, , ,09,00, 00000,T, ,10,00, 00033, , ,11,00, 00389, , ,12,00, 00139, , ,13,99,-99999,M, 
040693,99999,04,TPCP,HI,1961,9,9,01,00, 00273, , ,02,00, 00138, , ,03,00, 00314, , ,04,00, 00111, , ,05,00, 00076, , ,06,00, 00000, , ,07,00, 00000, , ,08,00, 00012, , ,09,00, 00036, , ,10,00, 00012, , ,11,00, 00450, , ,12,00, 00245, , ,13,99,-99999,M, 
040693,99999,04,TPCP,HI,1962,9,9,01,00, 00192, , ,02,00, 00883, , ,03,00, 00292, , ,04,00, 00066, , ,05,00, 00000, , ,06,00, 00000, , ,07,00, 00000, , ,08,00, 00012, , ,09,00, 00041, , ,10,00, 00705, , ,11,00, 00094, , ,12,00, 00350, , ,13,99,-99999,M, 
040693,99999,04,TPCP,HI,1963,9,9,01,00, 00484, , ,02,00, 00310, , ,03,00, 00351, , ,04,00, 00597, , ,05,00, 00053, , ,06,00, 00008, , ,07,00, 00000, , ,08,00, 00006, , ,09,00, 00010, , ,10,00, 00161, , ,11,00, 00338, , ,12,00, 00060, , ,13,99,-99999,M, 
040693,99999,04,TPCP,HI,1964,9,9,01,00, 00496, , ,02,00, 00016, , ,03,00, 00221, , ,04,00, 00005, , ,05,00, 00032, , ,06,00, 00076, , ,07,00, 00000,T, ,08,00, 00001, , ,09,00, 00000, , ,10,00, 00128, , ,11,00, 00363, , ,12,00, 00827, , ,13,99,-99999,M, 
040693,99999,04,TPCP,HI,1965,9,9,01,00, 00453, , ,02,00, 00088, , ,03,00, 00210, , ,04,00, 00379, , ,05,00, 00000, , ,06,00, 00000, , ,07,00, 00002, , ,08,00, 00018, , ,09,00, 00000,T, ,10,00, 00017, , ,11,00, 00577, , ,12,00, 00356, , ,13,99,-99999,M, 
040693,99999,04,TPCP,HI,1966,9,9,01,00, 00476, , ,02,00, 00338, , ,03,00, 00067, , ,04,00, 00073, , ,05,00, 00016, , ,06,00, 00012, , ,07,00, 00009, , ,08,00, 00017, , ,09,00, 00013, , ,10,00, 00000, , ,11,00, 00492, , ,12,00, 00448, , ,13,99,-99999,M, 
040693,99999,04,TPCP,HI,1967,9,9,01,00, 01034, , ,02,00, 00035, , ,03,00, 00560, , ,04,00, 00573, , ,05,00, 00007, , ,06,00, 00121, , ,07,00, 00000, , ,08,00, 00000, , ,09,00, 00002, , ,10,00, 00056, , ,11,00, 00156, , ,12,00, 00223, , ,13,99,-99999,M, 
040693,99999,04,TPCP,HI,1968,9,9,01,00, 00616, , ,02,00, 00304, , ,03,00, 00384, , ,04,00, 00044, , ,05,00, 00023, , ,06,00, 00000, , ,07,00, 00000, , ,08,00, 00055, , ,09,00, 00000, , ,10,00, 00081, , ,11,00, 00289, , ,12,00, 00513, , ,13,99,-99999,M, 
040693,99999,04,TPCP,HI,1969,9,9,01,00, 00922, , ,02,00, 00876, , ,03,00, 00144, , ,04,00, 00246, , ,05,00, 00000, , ,06,00, 00003, , ,07,00, 00000, , ,08,00, 00000, , ,09,00, 00000,T, ,10,00, 00212, , ,11,00, 00143, , ,12,00, 00847, , ,13,99,-99999,M, 
040693,99999,04,TPCP,HI,1970,9,9,01,00, 01114, , ,02,00, 00185, , ,03,00, 00171, , ,04,00, 00000,T, ,05,00, 00000,T, ,06,00, 00056, , ,07,00, 00000, , ,08,00, 00000, , ,09,00, 00000, , ,10,00, 00094, , ,11,00, 00779, , ,12,00, 00752, , ,13,99,-99999,M, 
040693,99999,04,TPCP,HI,1971,9,9,01,00, 00162, , ,02,00, 00048, , ,03,00, 00325, , ,04,00, 00092, , ,05,00, 00012, , ,06,00, 00000,T, ,07,00, 00000, , ,08,00, 00000,T, ,09,00, 00024, , ,10,00, 00006, , ,11,00, 00184, , ,12,00, 00472, , ,13,99,-99999,M, 
040693,99999,04,TPCP,HI,1972,9,9,01,00, 00165, , ,02,00, 00196, , ,03,00, 00032, , ,04,00, 00143, , ,05,00, 00002, , ,06,00, 00037, , ,07,00, 00000,T, ,08,00, 00000, , ,09,00, 00117, , ,10,00, 00370, , ,11,00, 00695, , ,12,00, 00313, , ,13,99,-99999,M, 
040693,99999,04,TPCP,HI,1973,9,9,01,00, 01247, , ,02,00, 00647, , ,03,00, 00294, , ,04,00, 00014, , ,05,00, 00001, , ,06,00, 00000, , ,07,00, 00000, , ,08,00, 00000,T, ,09,00, 00076, , ,10,00, 00167, , ,11,00, 01147, , ,12,00, 00388, , ,13,99,-99999,M, 
040693,99999,04,TPCP,HI,1974,9,9,01,00, 00412, , ,02,00, 00296, , ,03,00, 00647, , ,04,00, 00416, , ,05,00, 00002, , ,06,00, 00009, , ,07,00, 00150, , ,08,00, 00000, , ,09,00, 00000, , ,10,00, 00125, , ,11,00, 00104, , ,12,00, 00274, , ,13,99,-99999,M, 
040693,99999,04,TPCP,HI,1975,9,9,01,00, 00216, , ,02,00, 00511, , ,03,00, 00680, , ,04,00, 00253, , ,05,00, 00000,T, ,06,00, 00005, , ,07,00, 00021, , ,08,00, 00001, , ,09,00, 00000,T, ,10,00, 00422, , ,11,00, 00071, , ,12,00, 00062, , ,13,99,-99999,M, 
040693,99999,04,TPCP,HI,1976,9,9,01,00, 00029, , ,02,00, 00202, , ,03,00, 00129, , ,04,00, 00099, , ,05,00, 00000,T, ,06,00, 00005, , ,07,00, 00000, , ,08,00, 00133, , ,09,00, 00047, , ,10,00, 00044, , ,11,00, 00088, , ,12,00, 00238, , ,13,99,-99999,M, 
040693,99999,04,TPCP,HI,1977,9,9,01,00, 00144, , ,02,00, 00104, , ,03,00, 00247, , ,04,00, 00045, , ,05,00, 00112, , ,06,00, 00000,T, ,07,00, 00000, , ,08,00, 00000, , ,09,00, 00165, , ,10,00, 00034, , ,11,00, 00403, , ,12,00, 00482, , ,13,99,-99999,M, 
040693,99999,04,TPCP,HI,1978,9,9,01,00, 00928, , ,02,00, 00471, , ,03,00, 00648, , ,04,00, 00426, , ,05,00, 00000, , ,06,00, 00000,T, ,07,00, 00000, , ,08,00, 00000, , ,09,00, 00070, , ,10,00, 00000, , ,11,00, 00153, , ,12,00, 00077, , ,13,99,-99999,M, 
040693,99999,04,TPCP,HI,1979,9,9,01,00, 00822, , ,02,00, 00680, , ,03,00, 00248, , ,04,00, 00163, , ,05,00, 00024, , ,06,00, 00000, , ,07,00, 00009, , ,08,00, 00000,T, ,09,00, 00000,T, ,10,00, 00254, , ,11,00, 00334, , ,12,00, 00560, , ,13,99,-99999,M, 
040693,99999,04,TPCP,HI,1980,9,9,01,00, 00512, , ,02,00, 00802, , ,03,00, 00222, , ,04,00, 00157, , ,05,00, 00027, , ,06,00, 00006, , ,07,00, 00016, , ,08,00, 00000, , ,09,00, 00000,T, ,10,00, 00020, , ,11,00, 00029, , ,12,00, 00277, , ,13,99,-99999,M, 
040693,99999,04,TPCP,HI,1981,9,9,01,00, 00618, , ,02,00, 00125, , ,03,00, 00443, , ,04,00, 00028, , ,05,00, 00023, , ,06,00, 00000, , ,07,00, 00000,T, ,08,00, 00000, , ,09,00, 00010, , ,10,00, 00319, , ,11,00, 00763, , ,12,00, 00674, , ,13,99,-99999,M, 
040693,99999,04,TPCP,HI,1982,9,9,01,00, 01029, , ,02,00, 00420, , ,03,00, 00903, , ,04,00, 00534, , ,05,00, 00000,T, ,06,00, 00016, , ,07,00, 00000, , ,08,00, 00000,T, ,09,00, 00081, , ,10,00, 00295, , ,11,99,-99999,M, ,12,00, 00369, , ,13,99,-99999,M, 
040693,99999,04,TPCP,HI,1983,9,9,01,00, 00674, , ,02,00, 00902, , ,03,00, 01174, , ,04,00, 00411, , ,05,00, 00038, , ,06,00, 00000, , ,07,00, 00000,T, ,08,00, 00037, , ,09,00, 00049, , ,10,00, 00039, , ,11,00, 00786, , ,12,00, 00732, , ,13,00, 04842, , 
040693,99999,04,TPCP,HI,1984,9,9,01,00, 00022, , ,02,00, 00248, , ,03,00, 00191, , ,04,00, 00105, , ,05,00, 00005, , ,06,00, 00027, , ,07,00, 00000,T, ,08,00, 00013, , ,09,00, 00016, , ,10,00, 00221, , ,11,00, 00751, , ,12,00, 00217, , ,13,00, 01816, , 
040693,99999,04,TPCP,HI,1985,9,9,01,00, 00066, , ,02,00, 00234, , ,03,00, 00432, , ,04,00, 00006, , ,05,00, 00002, , ,06,00, 00015, , ,07,00, 00007, , ,08,00, 00000,T, ,09,00, 00053, , ,10,00, 00139, , ,11,00, 00429, , ,12,00, 00242, , ,13,00, 01625, , 
040693,99999,04,TPCP,HI,1986,9,9,01,00, 00525, , ,02,00, 01115, , ,03,00, 00772, , ,04,00, 00095, , ,05,00, 00031, , ,06,00, 00000, , ,07,00, 00004, , ,08,00, 00000, , ,09,00, 00164, , ,10,00, 00018, , ,11,00, 00032, , ,12,00, 00158, , ,13,00, 02914, , 
040693,99999,04,TPCP,HI,1987,9,9,01,00, 00356, , ,02,00, 00601, , ,03,00, 00282, , ,04,00, 00022, , ,05,00, 00007, , ,06,00, 00000,T, ,07,00, 00000, , ,08,00, 00000, , ,09,00, 00000, , ,10,00, 00126, , ,11,00, 00263, , ,12,00, 00538, , ,13,00, 02195, , 
040693,99999,04,TPCP,HI,1988,9,9,01,00, 00414, , ,02,00, 00055, , ,03,00, 00009, , ,04,00, 00267, , ,05,00, 00099, , ,06,00, 00059, , ,07,00, 00000, , ,08,99,-99999,M, ,09,99,-99999,M, ,10,99,-99999,M, ,11,99,-99999,M, ,12,99,-99999,M, ,13,99,-99999,M, 
040693,99999,04,TPCP,HI,1989,9,9,01,99,-99999,M, ,02,99,-99999,M, ,03,99,-99999,M, ,04,00, 00083, , ,05,00, 00007, , ,06,00, 00007, , ,07,00, 00000, , ,08,00, 00000,T, ,09,00, 00118, , ,10,00, 00247, , ,11,00, 00172, , ,12,00, 00000, , ,13,99,-99999,M, 
040693,99999,04,TPCP,HI,1990,9,9,01,00, 00574, , ,02,00, 00281, , ,03,00, 00147, , ,04,00, 00038, , ,05,00, 00400, , ,06,00, 00002, , ,07,00, 00000,T, ,08,00, 00000, , ,09,00, 00020, , ,10,00, 00065, , ,11,00, 00065, , ,12,00, 00176, , ,13,00, 01768, , 
040693,99999,04,TPCP,HI,1993,9,9,01,99,-99999,M, ,02,99,-99999,M, ,03,99,-99999,M, ,04,99,-99999,M, ,05,99,-99999,M, ,06,99,-99999,M, ,07,99,-99999,M, ,08,99,-99999,M, ,09,99,-99999,M, ,10,99,-99999,M, ,11,99,-99999,M, ,12,00, 00338, , ,13,99,-99999,M, 
040693,99999,04,TPCP,HI,1994,9,9,01,00, 00244, , ,02,00, 00493, , ,03,00, 00023, , ,04,00, 00187, , ,05,00, 00163, , ,06,00, 00000, , ,07,00, 00000, , ,08,00, 00000, , ,09,00, 00000, , ,10,00, 00042, , ,11,00, 00865, , ,12,00, 00358, , ,13,00, 02375, , 
040693,99999,04,TPCP,HI,1995,9,9,01,00, 01037, , ,02,00, 00021, , ,03,00, 00928, , ,04,00, 00157, , ,05,00, 00089, , ,06,00, 00106, , ,07,00, 00000, , ,08,00, 00000, , ,09,00, 00000, , ,10,00, 00009, , ,11,00, 00000, , ,12,00, 00756, , ,13,00, 03103, , 
040693,99999,04,TPCP,HI,1996,9,9,01,00, 00674, , ,02,00, 00752, , ,03,00, 00186, , ,04,00, 00212, , ,05,00, 00286, , ,06,00, 00000, , ,07,00, 00000, , ,08,00, 00000, , ,09,00, 00000, , ,10,00, 00086, , ,11,00, 00289, , ,12,00, 00944, , ,13,00, 03429, , 
040693,99999,04,TPCP,HI,1997,9,9,01,00, 00954, , ,02,00, 00020, , ,03,99,-99999,M, ,04,00, 00064, , ,05,00, 00021, , ,06,00, 00026, , ,07,00, 00001, , ,08,00, 00114, , ,09,00, 00004, , ,10,00, 00127, , ,11,00, 00725, , ,12,00, 00434, , ,13,99,-99999,M, 
040693,99999,04,TPCP,HI,1998,9,9,01,00, 01063, , ,02,00, 01449, , ,03,00, 00253, , ,04,00, 00225, , ,05,00, 00282, , ,06,00, 00003, , ,07,00, 00000, , ,08,00, 00000, , ,09,00, 00011, , ,10,00, 00067, , ,11,00, 00495, , ,12,00, 00124, , ,13,00, 03972, , 
040693,99999,04,TPCP,HI,1999,9,9,01,00, 00486, , ,02,00, 00811, , ,03,00, 00281, , ,04,00, 00233, , ,05,00, 00010, , ,06,00, 00006, , ,07,00, 00000, , ,08,00, 00008, , ,09,00, 00008, , ,10,00, 00000, , ,11,00, 00387, , ,12,00, 00045, , ,13,00, 02275, , 
040693,99999,04,TPCP,HI,2000,9,9,01,00, 00798, , ,02,00, 01156, , ,03,00, 00277, , ,04,00, 00146, , ,05,00, 00148, , ,06,00, 00023, , ,07,00, 00000, , ,08,00, 00000, , ,09,00, 00036, , ,10,00, 00376, , ,11,00, 00078, , ,12,00, 00099, , ,13,00, 03137, , 
040693,99999,04,TPCP,HI,2001,9,9,01,00, 00386, , ,02,00, 00926, , ,03,00, 00130, , ,04,00, 00157, , ,05,00, 00000, , ,06,00, 00009, , ,07,00, 00000, , ,08,00, 00000, , ,09,00, 00026, , ,10,00, 00048, , ,11,00, 00496, , ,12,00, 01079, , ,13,00, 03257, , 
040693,99999,04,TPCP,HI,2002,9,9,01,00, 00203, , ,02,00, 00176, , ,03,00, 00402, , ,04,00, 00031, , ,05,00, 00131, , ,06,00, 00000, , ,07,00, 00000, , ,08,00, 00006, , ,09,00, 00000, , ,10,00, 00000, , ,11,00, 00240, , ,12,00, 01260, , ,13,00, 02449, , 
040693,99999,04,TPCP,HI,2003,9,9,01,00, 00441, , ,02,00, 00217, , ,03,00, 00225, , ,04,00, 00371, , ,05,00, 00079, , ,06,00, 00000, , ,07,00, 00000,T, ,08,00, 00000, , ,09,00, 00001, , ,10,00, 00005, , ,11,00, 00210, , ,12,00, 00830, , ,13,00, 02379, , 
040693,99999,04,TPCP,HI,2004,9,9,01,00, 00340, , ,02,00, 00751, , ,03,00, 00091, , ,04,00, 00047, , ,05,00, 00012, , ,06,00, 00000, , ,07,00, 00001, , ,08,00, 00001, , ,09,00, 00053, , ,10,00, 00285, , ,11,00, 00194, , ,12,00, 00841, , ,13,00, 02616, , 
040693,99999,04,TPCP,HI,2005,9,9,01,00, 00433, , ,02,00, 00439, , ,03,00, 00479, , ,04,00, 00217, , ,05,00, 00184, , ,06,00, 00106, , ,07,00, 00000, , ,08,00, 00000, , ,09,00, 00000,T, ,10,00, 00045, , ,11,00, 00232, , ,12,00, 01349, , ,13,00, 03484, , 
040693,99999,04,TPCP,HI,2006,9,9,01,00, 00403, , ,02,00, 00323, , ,03,00, 00942, , ,04,00, 00532, , ,05,00, 00052, , ,06,00, 00000, , ,07,00, 00000, , ,08,00, 00000, , ,09,00, 00000, , ,10,00, 00061, , ,11,00, 00205, , ,12,00, 00453, , ,13,00, 02971, , 
040693,99999,04,TPCP,HI,2007,9,9,01,00, 00100, , ,02,00, 00579, , ,03,00, 00064, , ,04,00, 00156, , ,05,00, 00059, , ,06,00, 00000, , ,07,00, 00005, , ,08,00, 00000, , ,09,00, 00014, , ,10,00, 00243, , ,11,00, 00095, , ,12,00, 00417, , ,13,00, 01732, , 
040693,99999,04,TPCP,HI,2008,9,9,01,99,-99999,M, ,02,00, 00295, , ,03,00, 00030, , ,04,00, 00016, , ,05,00, 00002, , ,06,00, 00000, , ,07,00, 00000, , ,08,00, 00000, , ,09,00, 00000, , ,10,00, 00048, , ,11,00, 00321, , ,12,00, 00259, , ,13,99,-99999,M, 
040693,99999,04,TPCP,HI,2009,9,9,01,00, 00091, , ,02,00, 00990, , ,03,00, 00360, , ,04,00, 00039, , ,05,00, 00196, , ,06,00, 00005, , ,07,00, 00000, , ,08,00, 00000, , ,09,00, 00044, , ,10,00, 00479, , ,11,99,-99999,M, ,12,99,-99999,M, ,13,99,-99999,M, 
